x,y
1.6366677300473606e-10,1.726056606061381e-11
-3.040689165673203e-11,-5.87046551693164e-11
3.673984873552095e-07,1.1268605118424418e-07
7.70686013782937e-07,1.9489488429467948e-07
1.0737142515344262e-06,2.4788442909388084e-07
1.1799264394441885e-06,2.7558528033162364e-07
1.0276088099359026e-06,2.8399122015107645e-07
5.869702770922064e-07,2.804034384394414e-07
-1.4276871041630667e-07,2.725531464630007e-07
5.429512175861031e-05,-0.0012597441126089499
9.440040301940567e-05,-0.0025236524479269697
0.0001253005593202822,-0.0038064393783163804
0.00014768147762353676,-0.005087968516799618
0.000160678800109468,-0.0063678188115076926
0.0001625117112121108,-0.007647388953133945
0.00015356152407430078,-0.008926730962524524
0.00013451736279203823,-0.010206012169643642
0.00010639258905786536,-0.011485047133191746
6.947595971101359e-05,-0.012763822594856524
2.3981997525540237e-05,-0.01404232633448561
-2.990908284446311e-05,-0.015320535286455137
-9.215348753404003e-05,-0.01659839263273177
-0.00016282329450530248,-0.01787587954596002
-0.00024176365310453737,-0.01915294987707633
-0.0003288272475647286,-0.020429558068902155
-0.00042386792871436455,-0.021705659091054742
-0.0005267404217513247,-0.02298120931679513
-0.0006373001803573963,-0.0242561671187988
-0.0007554033741703005,-0.025530493250074348
-0.0008809069937053693,-0.026804151061624978
-0.001013669054479489,-0.028077106596707244
-0.001153548879416345,-0.029349328592678893
-0.0013004074361898893,-0.030620788414823432
-0.001454107704575725,-0.03189145994163953
-0.001614513521342897,-0.03316131941747797
-0.0017814866083189448,-0.03443034528458669
-0.0019548989686559584,-0.03569851800267653
-0.0021346258423891916,-0.036965819877020925
-0.00232054586810951,-0.038232234890061716
-0.0025125411626892562,-0.039497748546217626
-0.002710497312625049,-0.04076234773444163
-0.002914303277124409,-0.04202602061166184
-0.0031238512086097093,-0.04328875650885472
-0.0033390362012859468,-0.044550545860112825
-0.003559755982509087,-0.04581138015370541
-0.0037859105647133277,-0.0470712519028792
-0.004017401877483877,-0.048330154633087236
-0.004254133399929466,-0.04958808288155407
-0.004496009812853991,-0.05084503220463083
-0.004742936688419158,-0.05210099918826734
-0.00499482023219812,-0.053355981457112144
-0.005251567088910879,-0.05460997767818282
-0.00551308421898628,-0.05586298755569139
-0.00577927884864627,-0.05711501181441008
-0.006050058491730281,-0.05836605216990237
-0.006325331037289443,-0.05961611128498133
-0.006605004893276335,-0.06086519271284776
-0.006888989173661426,-0.06211330082843673
-0.00717719391420115,-0.06336044075046221
-0.007469530300891799,-0.06460661825741855
-0.007765910894976207,-0.06585183970129335
-0.008066249839127631,-0.0670961119229344
-0.008370463031089332,-0.06833944217291416
-0.00867846825345199,-0.06958183804137437
-0.008990185251241352,-0.07082330739978274
-0.009305535752366543,-0.07206385835683982
-0.009624443429538677,-0.07330349922997834
-0.009946833805765753,-0.07454223853302966
-0.010272634108747366,-0.07578008497972125
-0.010601773082258823,-0.07701704750176078
-0.010934180764754319,-0.07825313527941172
-0.011269788246838284,-0.07948835778176477
-0.011608527419916439,-0.0807227248134136
-0.011950330728195409,-0.08195624656402446
-0.012295130935331059,-0.08318893365733941
-0.012642860915473576,-0.08442079719646571
-0.012993453476319935,-0.08565184880281498
-0.01334684121921871,-0.086882100646706
-0.013702956438485769,-0.08811156546839519
-0.01406173105912066,-0.08934025658909783
-0.014423096609147522,-0.09056818791241984
-0.014786984220096139,-0.0917953739174825
-0.01515332577203685,-0.09302183039044251
-0.01516004412055965,-0.09301931339536663
-0.015174593282592576,-0.09301484573855003
-0.015179451085971418,-0.09301283436596468
-0.01517996529948587,-0.09301297766819527
-0.015184748978533138,-0.09301232265983668
-0.01518902607684951,-0.09301189814526391
-0.015192527808825271,-0.0930116661884079
-0.015194870763076159,-0.093011571217828
-0.015195824144290762,-0.09301154946048691
-0.015196436559931682,-0.09301153407772089
-0.015193851903881492,-0.09301162794716321
-0.015191992024989614,-0.09301167662678034
-0.015191005101531365,-0.09300968944026639
-0.015190283983791802,-0.0930061771571185
-0.015189886245548102,-0.09300174605810468
-0.01518984090043779,-0.09299707367407756
-0.015190146438467014,-0.09299284433548353
-0.015190771705933843,-0.0929896860501518
-0.015191659454556574,-0.09298811501972433
-0.015192674672500578,-0.09299236388220371
-0.015193606613741539,-0.09299737624542583
-0.015194398279619794,-0.09300200013916345
-0.015195011030931564,-0.09300626059677217
-0.015195417473534064,-0.09301017327953592
-0.01519560309293773,-0.09301374906874921
-0.01519556696555125,-0.09301699821783453
-0.015195321894698117,-0.09301977544192497
-0.015194894623596827,-0.09302176797211852
-0.015194324447816545,-0.09302274571074377
-0.015193659304733318,-0.09302257459753294
-0.015192960345409914,-0.09301939501192648
-0.01519230778208087,-0.09301631885739137
-0.015191736280510501,-0.09301337468594871
-0.01519127361482563,-0.09301059172046422
-0.01519093911890652,-0.09300799722757981
-0.015190742806964625,-0.09300561376161456
-0.015190685199095437,-0.0930034567086142
-0.015190757789936296,-0.09300161400795294
-0.015190943876634885,-0.09300025388781756
-0.015191220078184034,-0.0929994919070063
-0.015191558756121055,-0.09299938608068752
-0.015191930573767526,-0.09299993697477818
-0.015192306707038231,-0.09300173365574921
-0.015192650203957199,-0.09300398356091905
-0.015192942881332825,-0.09300646359444235
-0.01400336096162751,-0.09342720109107208
-0.01280450881520611,-0.09383411335404161
-0.011586191666056263,-0.09423907877706497
-0.010367672940669198,-0.09463330889164359
-0.009146272225221564,-0.0950173783342902
-0.007922558463529973,-0.0953921040434099
-0.006696569738339495,-0.09575775780873143
-0.005468603300529184,-0.09611465536658684
-0.004238599474876351,-0.09646305700642228
-0.0030065335238635147,-0.09680307589179517
-0.001772295266838615,-0.09713476309661827
-0.000535919191874,-0.09745832051982642
0.0007025464588405998,-0.0977739451471597
0.0019430408348719893,-0.09808182799041401
0.0031854942876851956,-0.09838215515102545
0.004429831410519084,-0.09867510857537426
0.005675973443927383,-0.09896086657446042
0.006923840156842236,-0.09923960416452321
0.008173351297337287,-0.09951149327110417
0.009424427693057178,-0.09977670282940054
0.010676992068459469,-0.10003539880721582
0.010677015304533528,-0.10002609512146651
0.010679247432284626,-0.10000894244704632
0.010680321211505805,-0.10000131038407455
0.010677597830404933,-0.10000313712864416
0.01067782754377651,-0.10000974430955402
0.010674403804144259,-0.10001206686389642
0.01067334100225093,-0.10000997126039811
0.010678581209665087,-0.10000513818395598
0.010683624743612839,-0.10000129238911447
0.01068821856503922,-0.0999985668638767
0.010692178570509797,-0.0999970400668669
0.010695366676944814,-0.09999672361853423
0.010696435857610877,-0.09999755870951278
0.010692625015194381,-0.0999991406716134
0.010689001181008326,-0.10000049377870229
0.010685643508044306,-0.10000155052960343
0.010682618053810437,-0.10000226533643039
0.010679977216670942,-0.10000261735221004
0.010677755352759706,-0.10000261029569169
0.010676365892367014,-0.10000227113526287
0.011291341963483607,-0.10074280886375173
0.011907626794520754,-0.10148396922475102
0.012523068034413026,-0.10222371771461547
0.013137534597861506,-0.10296205038240733
0.012978020606248902,-0.10369980687768159
0.01359176707449769,-0.10443700236195831
0.013478370188732927,-0.10517436290388806
0.013588467281457696,-0.10591160637065279
0.013715469257092976,-0.10664878140127235
0.013858775427868187,-0.10738594179390025
0.014018406864282369,-0.10812312262681392
0.014194418695234001,-0.10886034513811456
0.014386895705506402,-0.10959762096279782
0.014595964995100635,-0.11033495525194005
0.01482179962390835,-0.11107234884398463
0.0148076441019108,-0.11108927060247359
0.014797789438464179,-0.11110027252402446
0.01478973165160239,-0.11110889177948008
0.014783114534193726,-0.11111576692145546
0.014777674038001992,-0.11112133157691563
0.014773195230895158,-0.1111259017106488
0.01476950244622531,-0.11112970967319155
0.014766452144346118,-0.11113292745013467
0.014763927029879335,-0.11113568325931243
0.014762511661929472,-0.1111366415318996
0.014759876312861426,-0.11113779834569373
0.014968541298449992,-0.11171189602807918
0.015185151460823623,-0.11228490695212157
0.015409413199362763,-0.11285714536555415
0.015641702197300898,-0.11342885753489175
0.015882557058409925,-0.11400023842789593
0.016132542296840247,-0.11457140907475248
0.016392216312260968,-0.11514245489550444
0.016662119890556472,-0.11571343571375853
0.01694277585619134,-0.11628439248819351
0.0172346935053717,-0.11685535241760794
0.017538374913352237,-0.11742633278721093
0.017854321849495064,-0.11799734384571268
0.01818304277831498,-0.11856839094031932
0.01852505978107673,-0.11913947608684242
0.018880915410562533,-0.11971059911249418
0.018859232166996313,-0.11972505858420987
0.01884142406652118,-0.11973615639283768
0.01882684906667411,-0.11974467645480608
0.0188149555452001,-0.1197512442580885
0.018805259493498924,-0.11975634510874188
0.01879736231335135,-0.11976034210670121
0.01879093670552591,-0.11976350719534821
0.018785714313757352,-0.11976604444070661
0.018781447125257266,-0.11976811777314715
0.01878007703322971,-0.11976920293999978
0.018776134443139088,-0.11977066598070993
0.018772442284726465,-0.11977176602438036
0.01876856342448642,-0.11977278589925655
0.019075047975560495,-0.12020606059563405
0.019388249409841966,-0.12063838641390986
0.01970692120859749,-0.1210700164049642
0.020031380303404213,-0.12150117837712261
0.02036224486027866,-0.12193203257017014
0.020700230117170756,-0.1223626946538398
0.021046062676394226,-0.12279323953913017
0.021400462506436194,-0.12322372322044987
0.02176413285012086,-0.12365418283221735
0.022137762806487292,-0.12408464024108949
0.02252203815162323,-0.12451510949366831
0.022917650795750092,-0.12494559912624566
0.023325309089737213,-0.1253761138636537
0.023745748695475487,-0.1258066558582853
0.024179744055925708,-0.12623722558489514
0.024149840618605044,-0.12624999002702747
0.024124337574056295,-0.12626000827976283
0.024103322634854873,-0.12626751606383635
0.024086017122084358,-0.12627314675913764
0.024071720122919697,-0.1262773948904287
0.024059903736345728,-0.12628061153040274
0.024050133168371134,-0.12628305996226888
0.024483664718768013,-0.1266665307466476
0.025116163782112542,-0.12723465933634906
0.02612125409971756,-0.12812185995222825
0.027370590326790595,-0.12915762564790692
0.028620378998809405,-0.13010495111762227
0.02987096612122638,-0.13097026542089868
0.031122518947011374,-0.13176053129988788
0.032375145573384514,-0.13248157912397884
0.033628908093395284,-0.13313824802675786
0.03488383387341343,-0.1337345555331165
0.03613992454119675,-0.13427383001639048
0.037397163405236744,-0.13475884735914698
0.03865552100614903,-0.13519192652778672
0.039914959338875074,-0.13557500290985933
0.04117543506974145,-0.1359096866183243
0.04243690195619206,-0.13619730843792274
0.04369931264027407,-0.13643895577484141
0.04496261995639149,-0.13663550057222262
0.046226777866795625,-0.13678762073474712
0.04749174211522513,-0.1368958162385156
0.04876909602688155,-0.13697516736578255
0.05004681145204496,-0.137048873302386
0.051324839415883436,-0.13711738897939374
0.0526031505435364,-0.13718083038637197
0.05388171680008561,-0.13723931271229284
0.05516051163771623,-0.1372929496142087
0.056439510055254306,-0.13734185266192736
0.057718688598470735,-0.13738613100887703
0.05899802532106917,-0.13742589126083748
0.06027749972180958,-0.13746123751025316
0.061557092501758524,-0.1374922654893193
0.06283678648498951,-0.13751906462777186
0.06411656479861372,-0.13754173515184734
0.06539641181425188,-0.13756037637131033
0.06667631299769639,-0.13757508700524151
0.06795625485618727,-0.1375859652485337
0.06795546353040113,-0.13757770591106913
0.06795517448144177,-0.1375615072516442
0.06795472169708675,-0.1375546736430463
0.0689101106945068,-0.13765741252846844
0.0698671987486333,-0.13776044891924055
0.07082337308405975,-0.1378637233158845
0.07177874154579016,-0.13796707162429622
0.07273297479955819,-0.13807037121464164
0.07368707863718997,-0.1381737604223625
0.07464110629762012,-0.13827719502943825
0.07559519514580221,-0.13838067298873816
0.0765492498033928,-0.13848419140687016
0.07750328428613913,-0.13858773661811002
0.07845731912676876,-0.1386913054861585
0.07941136814151747,-0.13879489507346154
0.08036543148172477,-0.138898499814757
0.08131952699222834,-0.13900212271272022
0.08227365469767098,-0.1391057591473755
0.08354594148877093,-0.1392438358253527
0.08481923883983201,-0.13937357548179885
0.08609336769845347,-0.1394958800412735
0.08736821349038933,-0.13961102981528106
0.08864369234299145,-0.13971928535692665
0.08991973336134687,-0.1398208790085451
0.09119627613604757,-0.13991601712146798
0.09247326843205197,-0.1400048305699288
0.09375067538755565,-0.14008739506637688
0.09502845372388266,-0.14016387498639823
0.0963065649239109,-0.14023442563547736
0.09758497376549555,-0.14029919621737444
0.09886364779290172,-0.14035833105747317
0.10014255692383199,-0.14041197052124377
0.10142167315939925,-0.14046025164999845
0.10270097036998879,-0.1405033085460173
0.1039804241349471,-0.14054127254555596
0.10526001161878012,-0.14057427222247984
0.10653971136611462,-0.1406024365454224
0.10781950352373273,-0.14062589371597742
0.10909936934077424,-0.14064476176498553
0.11037929151332421,-0.14065915488533354
0.11165925389946259,-0.14066918321765892
0.11293924144316479,-0.1406749530119371
0.11421924010057406,-0.14067656612854568
0.11549923677143512,-0.14067412078746933
0.11677921923292649,-0.14066771158781172
0.11805917608107841,-0.1406574298191928
0.11933909634902023,-0.14064335872114822
0.12061897040979877,-0.14062557537764578
0.12189878889449245,-0.14060416547323268
0.12317854321665364,-0.14057921334861082
0.12445822545750047,-0.1405508027374038
0.12573782834659264,-0.14051901657665683
0.12701734524352162,-0.1404839372105792
0.12829677011861257,-0.14044564641273163
0.1295760975321588,-0.14040422534528726
0.13085532261139954,-0.14035975446296892
0.1321344410247409,-0.14031231337205333
0.1334134489531221,-0.1402619806569388
0.13469234305885366,-0.14020883368806344
0.13597112045262166,-0.1401529484253489
0.13724977865957455,-0.14009439923088607
0.1385283155854712,-0.14003325870332506
0.13980672948379608,-0.13996959754447352
0.14108501892460734,-0.13990348446613624
0.14236318276575075,-0.13983498614236953
0.14364122012697528,-0.1397641672092858
0.14491913036741888,-0.1396910903115329
0.14619691306684146,-0.13961581619173882
0.1474745680108236,-0.1395384038167654
0.1487520951798887,-0.13945891053265608
0.15002949474218802,-0.13937739223880433
0.15002864698696922,-0.13936900592474483
0.15002757728013216,-0.1393524534489515
0.15002689577740091,-0.13934529953163377
0.15002597889163546,-0.1393475072119408
0.15002608891846086,-0.13935548749690777
0.15001793103307537,-0.1393578691420907
0.15001138811488804,-0.1393552253759408
0.15096005325518003,-0.13951950678108335
0.15190884715197714,-0.13968387393916476
0.15285604125261612,-0.13984803803373883
0.15380243283870146,-0.14001216766387634
0.15474830858901176,-0.14017634880881674
0.15569385400772584,-0.14034049981366187
0.1566391998417828,-0.14050460404954085
0.1575844382968944,-0.1406686882326371
0.1585296330147528,-0.1408327685289956
0.15947482666376625,-0.14099685546791876
0.1604200466692379,-0.14116095552108457
0.16136530952121744,-0.14132507228455532
0.16231062399612392,-0.1414892073577231
0.1632559935489046,-0.14165336099138118
0.16420141807323713,-0.14181753256054955
0.16420025353301512,-0.14182251974672086
0.16544832024457215,-0.14200513129550393
0.16671824540351804,-0.14217058077279354
0.1679895778421362,-0.1423231748898829
0.16926228475333807,-0.14246413312249875
0.17053591095027168,-0.1425951280563582
0.1718103568642054,-0.14271653005484883
0.17308555342547083,-0.1428286693714904
0.17436143705339247,-0.14293182212633235
0.17563793286176127,-0.1430260281838417
0.17691504382894355,-0.1431111661898773
0.17819270180999722,-0.14318744184751805
0.1794708422461572,-0.14325504965743327
0.18074940259051067,-0.14331417849765804
0.18202832255924672,-0.14336501316328296
0.1833075443381219,-0.14340773539363888
0.18458701274314698,-0.1434425244449001
0.18586667533436144,-0.1434695572771021
0.18714648270223774,-0.14348901992294957
0.18842638775689372,-0.14350110362759383
0.18970634638649597,-0.14350597274521276
0.19098631768423563,-0.1435037877711223
0.19226626329358004,-0.14349470131190437
0.19354614727171462,-0.1434788627669439
0.19482593594234937,-0.14345644597366136
0.19610559774526606,-0.14342758592274193
0.19738510308984605,-0.14339235936275221
0.19866442423353597,-0.14335089794366682
0.19994353407648785,-0.1433033182790903
0.20122240849303966,-0.14324973494920507
0.20250102445353305,-0.14319027185941655
0.20377936068714908,-0.14312504818717695
0.20505739752031263,-0.14305418252961674
0.20633511684274972,-0.14297779311319717
0.20761250207212092,-0.14289599789559168
0.20888953811449731,-0.14280891456137662
0.21016621131848567,-0.1427166604188156
0.2114425094214862,-0.14261935221046831
0.21271842148742495,-0.14251710585483648
0.2139939378362611,-0.14241003613957653
0.21526904996648888,-0.1422982563887727
0.21654375047261276,-0.14218187812733
0.21781803296008498,-0.14206101076470515
0.2190918919604237,-0.1419357613180793
0.22036532284922153,-0.14180623419184593
0.2216383217695674,-0.1416725310261695
0.2229108855631005,-0.14153475062266305
0.2241830117105275,-0.14139298895021657
0.2254546982829601,-0.14124733922901714
0.2267259439048438,-0.14109789208614826
0.22799674772855483,-0.1409447357721002
0.2292671094199705,-0.14078795642430122
0.2305370291535551,-0.14062763836154984
0.23180650759278398,-0.14046386421282503
0.23307554589689378,-0.1402967152971203
0.2343441458111277,-0.14012627235558578
0.23561230961373653,-0.13995261547988136
0.23688004012929942,-0.13977582430900443
0.23814734072967955,-0.13959597817219457
0.23941421532874635,-0.1394131561726322
0.24068066836988436,-0.13922743721153102
0.24194670480579555,-0.13903889995594204
0.24321233007063417,-0.13884762275689735
0.2444775500450959,-0.13865368352733246
0.2457423710156882,-0.13845715959125668
0.24700679962995406,-0.1382581275169351
0.24827084284980916,-0.13805666294724278
0.24953450790532242,-0.13785284043996343
0.2507978022511881,-0.1376467333296265
0.2520607335278504,-0.13743841362065365
0.25332330952882526,-0.13722795191923562
0.25458553817530444,-0.1370154174086342
0.25584742749868583,-0.13680087786970532
0.25710898563126827,-0.13658439974554581
0.258370220804952,-0.1363660482464652
0.2596311413573788,-0.1361458874891686
0.26089175574450946,-0.135923980662231
0.2621520725582092,-0.1357003902087379
0.26341210054706904,-0.13547517801643919
0.26467184863850174,-0.13524840560587456
0.2659313259601774,-0.13502013430766419
0.2671905418591014,-0.13479042542143252
0.2684495059170357,-0.13455934035056094
0.2697082279614356,-0.13432694070902107
0.27096671807153283,-0.13409328839880083
0.27222498657958916,-0.13385844565875624
0.2734830440676762,-0.13362247508794242
0.2747409013606286,-0.1333854396484698
0.27599856951611945,-0.1331474026545523
0.27725605981311124,-0.13290842775557704
0.278513383740231,-0.132668578921677
0.2797705529858278,-0.13242792044042437
0.2810275794315284,-0.13218651693289246
0.2822844751509786,-0.13194443339655015
0.2835412524151568,-0.1317017352813062
0.28479792370523277,-0.13145848860364695
0.28605450173352814,-0.1312147601022823
0.2873109994727748,-0.1309706174372199
0.2885674301936303,-0.1307261294328037
0.2898238075102747,-0.13048136636419513
0.2910801454335922,-0.13023640024886457
0.2923364588137911,-0.12999130643542617
0.29233519279004494,-0.12998401236703702
0.29233249265105843,-0.1299684168637733
0.2923312259192593,-0.12996282029357414
0.2923308497707364,-0.1299669882047249
0.29233197491365953,-0.12997560525086946
0.29233271971840635,-0.12997732801494874
0.29233339034153766,-0.1299761104580672
0.29233344496324826,-0.12996993612891558
0.29233358384439706,-0.12996494326909447
0.29234010381946346,-0.12996208687819175
0.29235023106197705,-0.1299607160748828
0.292359102641597,-0.1299609172564835
0.29235114087645303,-0.12996213293248798
0.2923440079538086,-0.12996325361589578
0.2923376102979917,-0.12996423227878365
0.29233183301584226,-0.1299650266411321
0.2923265969382839,-0.12996560410456082
0.2923218459114301,-0.12996594414958162
0.29231753775463937,-0.12996603977906146
0.29231363763084117,-0.12996589796131944
0.29231052209377223,-0.12996554029951968
0.2923085078428563,-0.12996500421042292
0.2923078115358862,-0.1299643392291748
0.2923080190076211,-0.12996361553982308
0.2923095062094146,-0.12996292868899603
0.29231209201352115,-0.1299623283680377
0.2923151670474973,-0.1299618541263379
0.2923180239735386,-0.12996153068501093
0.292320649002984,-0.12996136801198543
0.2923230341969166,-0.12996136555170637
0.2923251793156492,-0.12996151275797457
0.29232688514183236,-0.1299617900781537
0.29232801115471985,-0.12996216989418738
0.29232848298152386,-0.12996261929601752
0.29232829306209307,-0.12996310305809397
0.29232740336452995,-0.12996358604919073
0.2929829178387605,-0.13104649513133043
0.29363755488373283,-0.1321510297875416
0.2942831597534462,-0.1332595631314883
0.2949185377788292,-0.13437234416379001
0.2955441283276062,-0.13548951850894184
0.2961603441589071,-0.13661115817503316
0.29676756112457225,-0.13773720542581125
0.29736591034181814,-0.1388675145420559
0.2979554749597142,-0.14000218200737488
0.29853639101968993,-0.14114117901180556
0.29910878020592185,-0.1422844514411175
0.2996727521612486,-0.14343192711075056
0.30022840753890223,-0.1445835208587244
0.3007758402783294,-0.14573913854222492
0.30131513931098036,-0.14689868017884983
0.301846389838192,-0.14806204237531997
0.3023696742885409,-0.14922912017855539
0.30288507303250756,-0.1503998084641028
0.30339266491037004,-0.1515740029588122
0.30389252761329566,-0.15275160097835372
0.30438473794627924,-0.153932501945715
0.3048693719938326,-0.1551166077441587
0.30534650520425405,-0.1563038229471678
0.30581621240521834,-0.15749405495853105
0.3062785677617214,-0.15868721408788897
0.3067336446866213,-0.15988321358054433
0.3071815157137416,-0.16108196961514348
0.3076222523434603,-0.16228340127863908
0.30805592487064326,-0.16348743052485626
0.3084826022045352,-0.16469398212066041
0.3089023516897041,-0.1659029835821122
0.30931523893625384,-0.16711436510204936
0.30972132766630983,-0.16832805946996857
0.3101206795822426,-0.16954400198493225
0.3105133542602922,-0.170762130362316
0.31089940907129865,-0.17198238463544524
0.3112788991281743,-0.1732047070534869
0.3116518772577562,-0.1744290419773053
0.31201839399274967,-0.17565533577526424
0.3123784975778085,-0.17688353672114626
0.3127322339823986,-0.1781135948964594
0.3130796469120332,-0.17934546209939145
0.3134207778088009,-0.1805790917624982
0.3137556658317794,-0.18181443888101453
0.3140843478079763,-0.18305145995333919
0.31440685814474406,-0.18429011293486278
0.31472322869514135,-0.18553035720593716
0.3150334889640694,-0.18677215597652502
0.3150241993752022,-0.18677297921961736
0.31500737871114237,-0.18677622814904632
0.3149998987235629,-0.18677823469383006
0.3150017633935746,-0.18677629044226612
0.3150083871982062,-0.18677635895064007
0.3150107486976042,-0.1867730881146939
0.3150087413511662,-0.1867729515313306
0.31500400768151304,-0.18677826093487368
0.3150002519011134,-0.18678330475991137
0.31499760568155316,-0.186787840287392
0.3149961451449802,-0.1867916845744335
0.314995879087408,-0.18679470121234523
0.3149967465884151,-0.1867957498500987
0.3149983556707988,-0.18679197157455155
0.31499972334742204,-0.18678839517402943
0.3150007850014058,-0.18678509463040907
0.31500149821781537,-0.18678214112077748
0.31500184548752375,-0.18677959036103228
0.31500183397036696,-0.18677763234297984
0.3150014944532619,-0.18677677000362483
0.315000920110696,-0.18677970106720373
0.3150003913811839,-0.18678255024574605
0.31499993556794575,-0.18678527996603567
0.31499957283557056,-0.18678785232466352
0.31499931555863864,-0.18679023365425934
0.3149991679183123,-0.18679239732710146
0.31499912616274495,-0.1867943261547024
0.3149991794800931,-0.1867959415919455
0.31499931125126723,-0.18679712908469645
0.31499950080967576,-0.18679782248499024
0.3149997255951617,-0.18679800528490292
0.3149999633002454,-0.18679770773180215
0.3150001968233849,-0.18679600028205143
0.3150003971556971,-0.18679405856715506
0.31500055643556985,-0.1867920054800927
0.3150006724909866,-0.18678996307516252
0.31500074855137056,-0.18678803973420458
0.31500079248162755,-0.186786319839427
0.3150008155991803,-0.18678485580829554
0.31500083116649547,-0.18678483297213117
0.3150008527756881,-0.1867847788702953
0.31500089264623804,-0.1867846464833446
0.31500203146592126,-0.1867853553075356
0.3150045158538991,-0.1867861561628019
0.3150084378677695,-0.18678698366543633
0.31501375267959514,-0.1867877709632532
0.3150202851382728,-0.1867884554800243
0.3150269873786548,-0.18678898745199976
0.31503294420783573,-0.18678933947764523
0.3150382813700664,-0.18678950242347853
0.31504308978269174,-0.18678947708791407
0.31504742019734133,-0.1867892745232348
0.31505097862758064,-0.1867889166937128
0.3150535402582876,-0.18678843730472988
0.31505496515150333,-0.18678787845742836
0.3150552053688112,-0.18678728675170012
0.3150543034424543,-0.1867867092226899
0.3150523829801049,-0.1867861894812183
0.3150496328633487,-0.1867857643824291
0.3150466533667868,-0.18678546074277402
0.31504388539076417,-0.18678529198128171
0.3150413330689229,-0.1867852599169365
0.31503899540440927,-0.1867853578626297
0.3150369550051973,-0.18678557132340662
0.3150353516743901,-0.18678587882143563
0.3150342705679776,-0.18678625353038347
0.31503373977933197,-0.18678666576530273
0.31503373275550745,-0.18678708550205125
0.31503417495820046,-0.18678748471899545
0.31503495387415476,-0.18678783938702373
0.31503593129601126,-0.1867881309767338
0.3150369567120026,-0.186788347400948
0.3150378806580461,-0.18678848336206816
0.31503856698426425,-0.18678854012314597
0.3155276351378876,-0.1856244840369981
0.31600348821931307,-0.18445136257996983
0.31647870667566214,-0.18325864410245657
0.316945255039941,-0.18206447500486422
0.317401879341282,-0.1808689237252971
0.3178478170444327,-0.17966974331565944
0.31828309766310003,-0.17846698323698015
0.31870830908795944,-0.1772608320132147
0.3191242215313388,-0.1760517211617012
0.3195309440638686,-0.17483967536820086
0.31992856837829003,-0.1736247021554823
0.32031715679921047,-0.17240682343683664
0.3206966061423198,-0.17118605347569257
0.32106672359609134,-0.16996232899252056
0.32142751402234415,-0.1687357120930738
0.32177898048482156,-0.16750627036126048
0.32212112196527476,-0.16627407640213432
0.3224539336571821,-0.16503920596648375
0.32277740701378976,-0.16380173650091645
0.32309152956435855,-0.16256174602418358
0.3233962845117358,-0.16131931225847157
0.3236916501218359,-0.16007451195813407
0.3239775989145097,-0.15882742038996062
0.3242540965668894,-0.15757811454705123
0.32425623876855053,-0.15757671810037707
0.32426713785109934,-0.15757802334083876
0.3242690342666803,-0.15757838436117252
0.32426196332318263,-0.15757814887336263
0.3242510489378025,-0.15757668972103617
0.324246974010468,-0.1575759387194828
0.32424791445169165,-0.15757551983236176
0.32425227990773975,-0.1575758599241186
0.3242541678635719,-0.15757613505866586
0.3242549675982947,-0.1575763819438143
0.32425599608173256,-0.15757359807113996
0.32425590552347905,-0.15756999248905085
0.32425468737075624,-0.15756787756191826
0.32425282398761024,-0.15757567136944278
0.3242512313941162,-0.15758266468594556
0.3242499728948936,-0.1575889453537872
0.3242490977379023,-0.1575945925888811
0.3242486353260629,-0.1575996591222862
0.3242485926234948,-0.1576041830872603
0.3242489530670288,-0.1576081179471964
0.32424967499218044,-0.15761079863146296
0.3242506103001214,-0.15760958673865977
0.32425147311886915,-0.1576069539273024
0.32425220456930665,-0.15760334965961656
0.3242527618550222,-0.15759998667964942
0.3242531227011855,-0.15759687924967686
0.32425327760977296,-0.15759403829597246
0.3242532299910616,-0.1575914688868364
0.32425299584532463,-0.15758941772682566
0.32425260352888524,-0.15758812739933956
0.3242520910269373,-0.15758776201266506
0.32425151457510887,-0.15759068048923258
0.3242509705442741,-0.1575935275475128
0.32425048842890614,-0.15759627109664687
0.32425009176603947,-0.15759887864863856
0.3242497968362738,-0.15760132004560465
0.3242496119763081,-0.15760357011139878
0.32424953751315155,-0.15760561100766554
0.32424956628373763,-0.1576073576635365
0.32424968450899727,-0.15760867843887286
0.3242498732666159,-0.15760948621663967
0.3242501105190246,-0.15760974180558426
0.3242503732282024,-0.1576094532552903
0.32305611645741833,-0.15719964219752583
0.32185289537958295,-0.15680321446878348
0.32063115206808046,-0.1564088845028213
0.3194093782547429,-0.1560249438142798
0.3181849323102007,-0.1556508129550265
0.3169583461490586,-0.1552857199163831
0.31572965457523344,-0.1549293977037535
0.3144991418930281,-0.15458154110515743
0.3132667367446085,-0.1542418983991799
0.31203240584960423,-0.15391035528794464
0.3107960364854965,-0.1535868555374919
0.30955765513976047,-0.15327120286522347
0.3083173024433689,-0.15296320578833375
0.307075032290024,-0.15266267866539895
0.30583090793582435,-0.15236944068827454
0.30458499888346185,-0.1520833151588748
0.3033373784138743,-0.15180412898325565
0.3020881216535558,-0.15153171233103932
0.30083730408146797,-0.15126589842181593
0.2995850003939847,-0.1510065234093401
0.298331283659171,-0.1507534263403833
0.2970762247032015,-0.1505064491690258
0.2958198916817073,-0.15026543680976603
0.29456234979736107,-0.1500302372146204
0.2933036611322396,-0.14980070146088043
0.2920438845695774,-0.1495766838375929
0.2907830757843788,-0.1493580419203771
0.28952128728647153,-0.14914463662592972
0.2882585685027475,-0.14893633223953992
0.28699496588791623,-0.14873299641107432
0.285730523055108,-0.14853450011713962
0.28446530813718157,-0.14834071757044318
0.28319939329448346,-0.14815152740099943
0.28193281355526034,-0.147966812817213
0.2806656020931152,-0.14778645974479862
0.27939779034984635,-0.14761035669471032
0.2781294081506029,-0.14743839461126107
0.2768604838109177,-0.1472704667159921
0.27559104423518344,-0.147106468354791
0.27432111500637474,-0.14694629685525087
0.2730507204670517,-0.14678985140031675
0.27177988379190887,-0.1466370329229807
0.2705086270523412,-0.14648774402527692
0.26923697127367946,-0.14634188892320343
0.2679649364858978,-0.1461993734175323
0.2666925417686997,-0.14606010488892746
0.2654198052919453,-0.14592399231438255
0.2641467443523875,-0.145790946300875
0.26287337540763783,-0.14566087913130416
0.2615997141082002,-0.14553370481729674
0.2603257753282911,-0.14540933915335089
0.25905157319603433,-0.14528769976700734
0.25777712112347245,-0.14516870616028052
0.2565024318366976,-0.14505227973837798
0.255227517406261,-0.14493834382275791
0.25395238927789837,-0.14482682364669666
0.2526770583034802,-0.1447176463327336
0.25140153477200894,-0.14461074085252396
0.25012582844040315,-0.14450603797070094
0.24884994856376585,-0.14440347017526503
0.24757390392482154,-0.1443029715977234
0.24629770286222,-0.1442044779266881
0.24502135329744182,-0.1441079263188493
0.24374486276009485,-0.1440132553112147
0.2424682384114486,-0.14392040473822656
0.24119148706611546,-0.14382931565688642
0.23991461521184718,-0.1437399302823722
0.23863762902747596,-0.14365219193585743
0.23736053439908153,-0.14356604500542086
0.23608333693452424,-0.14348143492009244
0.23480604197652322,-0.14339830813628562
0.23352865461449623,-0.14331661213517433
0.2322511796953916,-0.14323629542899852
0.23097362183374223,-0.14315730757386516
0.22969598542115524,-0.143079599186393
0.22841827463541928,-0.14300312196147713
0.2271404934493814,-0.14292782868858714
0.2258626456397079,-0.14285367326428186
0.22458473479561183,-0.14278061069903894
0.2233067643276019,-0.14270859711700346
0.2220287374762757,-0.14263758974782062
0.2207506573211509,-0.14256754691031517
0.2194725267894992,-0.142498427988322
0.21819434866511847,-0.1424301933995114
0.2169161255969601,-0.14236280455844974
0.21563786010751898,-0.14229622383546578
0.2143595546008958,-0.14223041451308577
0.21308121137045619,-0.14216534074186743
0.2118028326060254,-0.14210096749739298
0.2105244204005844,-0.14203726054690285
0.20924597675648765,-0.14197418639146894
0.20796750359133145,-0.1419117122491531
0.20668900274279364,-0.1418498060304061
0.20541047597322984,-0.14178843631856192
0.20413192497378882,-0.14172757235600564
0.20285335136809718,-0.1416671840354394
0.20157475671557204,-0.1416072418954064
0.2002961425144391,-0.1415477171190173
0.19901751020452824,-0.14148858153468855
0.19773886116991957,-0.14142980761766197
0.1964601967414955,-0.14137136849112075
0.1951815181994388,-0.14131323792584724
0.19390282677570356,-0.14125539033756396
0.19262412365647485,-0.14119780078134195
0.19134540998462563,-0.14114044494273917
0.1900666868621762,-0.14108329912561804
0.18878795535275544,-0.14102634023685823
0.18750921648405328,-0.14096954576842702
0.18623047125024234,-0.14091289377745697
0.1849517206143359,-0.14085636286512426
0.18367296551044254,-0.14079993215517703
0.18239420684587798,-0.14074358127297007
0.18111544547555708,-0.14068729032932684
0.17983668231588912,-0.14063103932090487
0.178557918265859,-0.14057480786304766
0.1772791542026043,-0.14051857604269916
0.17600039098240866,-0.14046232441738582
0.17472162944148298,-0.14040603401749654
0.1734428704042145,-0.14034968634614947
0.17216411463799522,-0.14029326387483745
0.17088536286979966,-0.14023675027590096
0.16960661581026307,-0.14018012966447335
0.16832787415446318,-0.1401233865903569
0.1670491385827605,-0.1400665060279551
0.16577040976160634,-0.14000947336652866
0.16449168834436576,-0.1399522743998986
0.16321297497217593,-0.1398948953150034
0.16193427027484744,-0.1398373226789854
0.16065557487180096,-0.1397795434247329
0.1593768893730252,-0.13972154483503807
0.15809821438004013,-0.13966331452572697
0.1568195504868502,-0.13960484042827875
0.15554089828087017,-0.13954611077254161
0.15426225834380086,-0.13948711407022074
0.15298363125242875,-0.13942783909978188
0.15170501757931482,-0.13936827489336398
0.15042641789334224,-0.13930841072617814
0.14914783276009744,-0.13924823610870973
0.14786926274207599,-0.13918774078187177
0.1465907083987169,-0.1391269147150491
0.1453121702862893,-0.13906574810678596
0.14403364895766063,-0.13900423138768195
0.14275514496198252,-0.13894235522490542
0.14147665884432772,-0.13888011052761992
0.14019819114531024,-0.1388174884525443
0.13891974240071972,-0.13875448040884658
0.13764131314120376,-0.1386910780616224
0.13636290389203579,-0.13862727333327493
0.13508451517300396,-0.13856305840227554
0.1350847198643439,-0.1385565602971473
0.13508522135750844,-0.138541786279295
0.1350856292169287,-0.13853623865410994
0.1350865245610847,-0.1385398087254719
0.13412641119064483,-0.13862097926553654
0.1331675628664977,-0.13870206830529425
0.13220970716021155,-0.13878308319963437
0.13125281408595812,-0.13886402297670922
0.13029628935378929,-0.13894498739520816
0.129339997078165,-0.13902593614439382
0.1283838395477235,-0.13910684271721774
0.1274277491501986,-0.13918772185392747
0.12647168027857247,-0.13926858409799864
0.12551559535148954,-0.13934943665721158
0.1245594864065174,-0.1394302857161696
0.1236033435933923,-0.13951113353889238
0.12264716066678491,-0.1395919824574193
0.1216909352465347,-0.13967283391824345
0.12073466753689685,-0.1397536887399776
0.11945949173605722,-0.13986124500019373
0.11818340240115205,-0.13995955160301995
0.11690658271392376,-0.14004952323439107
0.11562915686372638,-0.14013145209308758
0.1143512179048774,-0.1402056061922818
0.11307284439394402,-0.14027222212928714
0.11179410331360133,-0.1403315074058479
0.11051505506348244,-0.14038357692103365
0.10923573994490508,-0.14042847821661314
0.1079562065658171,-0.14046637298989584
0.10667649832919095,-0.1404974141559913
0.10539665504051669,-0.14052174911077
0.1041167134764131,-0.1405395210760653
0.10283670780023936,-0.14055087007720085
0.10155666986453911,-0.14055593357871682
0.1002766294341108,-0.1405548473597886
0.0989966143510947,-0.14054774392488287
0.09771665056526109,-0.1405347614728086
0.09643676198224162,-0.14051604014347527
0.095156971698023,-0.1404917032296341
0.0938773009628471,-0.14046186938409277
0.09259776971263267,-0.14042665286252254
0.09131839666858883,-0.14038616346872868
0.0900391994292763,-0.14034050660681896
0.08876019455361935,-0.14028978344761586
0.08748139763284199,-0.14023409120699332
0.08620282334946941,-0.140173523525098
0.08492448638164975,-0.1401081632799505
0.08364639978225903,-0.14003808496694
0.0823685758502724,-0.13996337735141334
0.08109102587296249,-0.1398841283807996
0.07981376024436933,-0.13980042577253418
0.07853678846950768,-0.13971235720010067
0.07726011917215304,-0.13962001038668653
0.07598376010816597,-0.1395234731068018
0.07470771818584966,-0.13942283310150197
0.07343199949429562,-0.13931817791762888
0.07215660933995986,-0.13920959468548924
0.07088155229090852,-0.1390971698524008
0.06960683222740467,-0.1389809888914174
0.06833245239691224,-0.138861136005213
0.0670584154712512,-0.13873769384456938
0.0657847236035605,-0.13861074325925574
0.06451137848285789,-0.1384803630964302
0.06323838138422898,-0.13834663005825187
0.06196573321296511,-0.13820961862635112
0.06069343454126085,-0.13806940105647852
0.05942148563641487,-0.13792604744227135
0.05814988647989533,-0.137779625842947
0.056878636777178866,-0.13763020246608224
0.055607735958916965,-0.13747784189369724
0.054337183174660776,-0.1373226073377346
0.05306697733031156,-0.13716456043738437
0.05179711710024685,-0.1370037617266648
0.05052304675403356,-0.136840627979173
0.04925945681114021,-0.13685550186342663
0.0479907464308233,-0.1368254279995438
0.04672236456054419,-0.13674848271967613
0.04545398781159988,-0.1366249359340739
0.044180845218415046,-0.13645421843180344
0.04291358448703791,-0.1362739277451667
0.041646667329342364,-0.1360912644653027
0.04038008911994268,-0.1359062852776111
0.039113845819783194,-0.13571904240524854
0.03784794148322632,-0.13552955124625501
0.0365823782018112,-0.1353377939619996
0.035317153425181214,-0.13514382504214065
0.03405226273676309,-0.13494769743920437
0.03278770125956574,-0.1347494654224175
0.031523463664256186,-0.13454918449143727
0.03025954418460148,-0.1343469112448971
0.028995936642409677,-0.13414270319990576
0.027732634448859938,-0.133936625301056
0.026469627048154837,-0.13372874411488403
0.025206908799116766,-0.13351911702958447
0.023944472775681812,-0.13330779979306678
0.022682311979042514,-0.13309484727585832
0.021420419347742706,-0.1328803134779414
0.020158787758462474,-0.13266425158872208
0.01889741001783949,-0.13244671409756933
0.01763627884551577,-0.13222775295021785
0.016375386848929523,-0.13200741974424549
0.01511472649085014,-0.13178576595529362
0.013854290324682867,-0.13156284213257388
0.012594070621960341,-0.13133869816129004
0.011334059126470416,-0.1311133873483691
0.010074247199024913,-0.1308869638938973
0.00881462583320863,-0.1306594832259447
0.007555185172490891,-0.13043100252868434
0.007553559007312246,-0.13043687352040081
0.007550596703044666,-0.130450826110614
0.007547285745184823,-0.13045590133124624
0.0075474520925745275,-0.13045207225856567
0.007546317256508784,-0.13044395321699215
0.0075503357741208525,-0.13044048847509132
0.0075520940314776535,-0.13044176193359225
0.007546926591664735,-0.130445998022732
0.007542020591577982,-0.13044939825261564
0.007537592000178888,-0.13045179266215284
0.007533794152950688,-0.13045307320196214
0.007530745976263411,-0.1304532050011722
0.007529749847511553,-0.13045222908420762
0.007533762891831357,-0.13045054655166333
0.007537560202304423,-0.13044912745716053
0.007541067680639922,-0.1304480332650757
0.0075442226041382825,-0.13044730516517003
0.007546975364913012,-0.13044696059885993
0.007549293893650679,-0.130446992971862
0.007550631555413051,-0.13044737242506116
0.007547688357269381,-0.1304479965488746
0.007544820128976048,-0.1304485770386334
0.007542062121880577,-0.13044908466534041
0.007539450467366786,-0.13044949651745755
0.007537017847548713,-0.13044979753371608
0.007534790793435822,-0.1304499810650249
0.007532787318298252,-0.13045004878614097
0.007531093696247997,-0.1304500099996862
0.00698999086814046,-0.12930693159306877
0.00646046135475806,-0.1281569065559643
0.005931279866626381,-0.12698744047590352
0.005409719724441925,-0.12581624828630475
0.004897680425101409,-0.12464340142811858
0.004395573484949153,-0.12346667761445392
0.0039032165235393106,-0.12228620693242401
0.003419907061712287,-0.12110219130911937
0.0029448320177705824,-0.11991511621603079
0.0024777690907308507,-0.11872504424976044
0.0020185138902998278,-0.11753201840681177
0.001566890611566136,-0.11633609224870779
0.0011228684753613561,-0.11513730482784965
0.0006864815296084924,-0.11393562431404097
0.00025759450716755924,-0.11273113733368316
-0.00016392832377474953,-0.11152393529975194
-0.0005782211383329784,-0.1103141125493127
-0.0009854171667828353,-0.10910176463307568
-0.001385649066185802,-0.10788698700578525
-0.001779049087373513,-0.10666987402567822
-0.0021657490724137133,-0.10545051819821749
-0.0025458803156611204,-0.10422900961255091
-0.0029195733206594313,-0.10300543553035145
-0.003286957484671464,-0.1017798800958977
-0.003648160741907673,-0.10055242414366598
-0.0040033091951758104,-0.09932314508551143
-0.004352526763400785,-0.09809211686382173
-0.004695934869277542,-0.09685940996020949
-0.005033652187151886,-0.09562509145135105
-0.005365794466342308,-0.0943892251048554
-0.005692474439657989,-0.09315187150859602
-0.006013801821196442,-0.09191308822714114
-0.006329883391847977,-0.0906729299787811
-0.006640823165636677,-0.0894314488265987
-0.006946722625365928,-0.08818869437700087
-0.007247681012236924,-0.0869447139793516
-0.0075437956514060435,-0.08569955292082516
-0.007835162293932378,-0.08445325461120216
-0.008121875455316719,-0.08320586075317067
-0.008404028731800902,-0.08195741149461802
-0.008681715077677453,-0.08070794556039208
-0.008955027029864992,-0.07945750036210235
-0.009224056869727774,-0.07820611208560345
-0.009488896716277562,-0.07695381575696532
-0.009749638553286581,-0.07570065350454462
-0.010006373796635751,-0.07444666434779708
-0.010259193298049215,-0.07319187996513829
-0.010508187492347245,-0.07193633103476513
-0.010753446198659282,-0.07068004722660473
-0.010995058400424964,-0.0694230571920618
-0.011233112018235956,-0.06816538855465955
-0.011467693690748411,-0.06690706790429322
-0.011698888577796572,-0.06564812079734543
-0.011926780197933291,-0.06438857176438224
-0.012151450310027128,-0.06312844432656096
-0.01237297884549009,-0.06186776102123493
-0.012591443894383337,-0.060606543436571216
-0.012806921745242927,-0.059344812254342405
-0.013019486975246361,-0.05808258729949457
-0.013229212584430107,-0.05681988759468491
-0.01343617016526974,-0.05555673141776538
-0.01364043009717044,-0.05429313636015469
-0.013842061754366303,-0.053029119384162146
-0.014041133715440196,-0.0517646968775306
-0.014237713963157017,-0.05049988470372651
-0.01443187006445268,-0.04923469824677981
-0.014623669322183884,-0.04796915244977765
-0.0148131788924334,-0.04670326184645989
-0.01500046586367666,-0.0454370405857584
-0.01518559729671888,-0.04417050244955383
-0.015368640226902278,-0.042903660864347125
-0.015549661632469559,-0.04163652890790385
-0.015728728375024537,-0.04036911931217238
-0.015905907119646755,-0.03910144446387319
-0.016081264243309478,-0.03783351640412596
-0.01625486574073104,-0.0365653468283512
-0.016426777136716014,-0.03529694708752049
-0.016597063413356518,-0.034028328191655924
-0.01676578895930795,-0.03275950081632111
-0.016933017546768136,-0.031490475312672975
-0.01709881233994804,-0.03022126172144441
-0.017263235936814527,-0.0289518697909705
-0.017426350443904694,-0.027682308999085754
-0.017588217582123904,-0.026412588578427664
-0.017748898819833513,-0.02514271754445563
-0.017908455528250287,-0.023872704725359954
-0.0180669491533318,-0.022602558793029175
-0.01822444139795688,-0.021332288294334804
-0.018380994408331894,-0.020061901682144095
-0.018536670959199416,-0.0187914073456334
-0.018691534633501053,-0.017520813639622688
-0.01884564999364669,-0.016250128912780878
-0.018999082743308356,-0.014979361534691277
-0.019151899880687866,-0.013708519921950402
-0.01930416984627618,-0.01243761256371617
-0.019455962670257055,-0.01116664804742014
-0.01960735012674496,-0.009895635085672521
-0.01975840592114757,-0.008624582545677188
-0.019909204910882196,-0.007353499157972791
-0.019903190136555813,-0.0073526877541466515
-0.019889195801418312,-0.00735083297087046
-0.019884257567907553,-0.007348534455548596
-0.01988376219777923,-0.007345406315534092
-0.019880438884967218,-0.007340930171254197
-0.019877716991979707,-0.007336168592853471
-0.01987574139053794,-0.00733148748160354
-0.01987461336713343,-0.007327081026853607
-0.019874379446135765,-0.007323089850795525
-0.01987502812501013,-0.007320127151172883
-0.019876243171286837,-0.007324262274216116
-0.019877339750102314,-0.00732825796748086
-0.019878265605713208,-0.0073320638877523965
-0.019878978838294935,-0.007335642581340177
-0.019879451355117757,-0.007338962508986266
-0.019879670281466238,-0.007341999782233552
-0.019879638323983827,-0.007344740064132472
-0.019879373665014504,-0.0073468642488921905
-0.019878910014462365,-0.007348058982516741
-0.019878293402159693,-0.007348105821973029
-0.019877598256612308,-0.00734499627312839
-0.01987695843978478,-0.0073419866632265076
-0.019876407575657902,-0.0073391129275182185
-0.01987597155947587,-0.007336410455160327
-0.019875667140401537,-0.007333910841127302
-0.019875501311544096,-0.00733163904003694
-0.019875471437207047,-0.00732961089934509
-0.01987556603546733,-0.007327961127777079
-0.019875765844812123,-0.00732683787544404
-0.019876045853872974,-0.007326333371195499
-0.019876377835142442,-0.007326481073378695
-0.01987673340378418,-0.007329086599077392
-0.019877055182751346,-0.007331649140762159
-0.021068718366667613,-0.006914752980842029
-0.022269454524253857,-0.006511291557311311
-0.023488897606940853,-0.006109764889731129
-0.024709188605425838,-0.005716741098429264
-0.02593014060242233,-0.00533325087448724
-0.02715382654447256,-0.004959927481068937
-0.028380144927123912,-0.004596520514010059
-0.029608854844133045,-0.00424229219844179
-0.030839587433376985,-0.0038963614095930232
-0.032072312025257094,-0.0035584687865011246
-0.03330702107030326,-0.00322837442615235
-0.03454369255873699,-0.002905867917072354
-0.035782297948228244,-0.0025908903616448007
-0.03702288971278213,-0.002283454186590493
-0.03826539740999436,-0.001983386980939917
-0.03950975008556793,-0.0016905161398583551
-0.04075587261104114,-0.00140467126451319
-0.042003687681331586,-0.0011256837532779551
-0.043253117373439315,-0.0008533866038012802
-0.04450408435381243,-0.0005876143960706708
-0.04575651279931721,-0.0003282034228489827
-0.047010329085392065,-7.499193420860711e-05
-0.048265462285294575,0.00017217953716472192
-0.049521844516177166,0.0004134678029707053
-0.050779411161061695,0.0006490266306540669
-0.052038100990292546,0.000879006369121626
-0.0532978562016688,0.0011035536155767002
-0.05455862239498905,0.0013228109459360083
-0.05582034849418314,0.0015369167260606792
-0.05708298662824514,0.0017460050151722913
-0.05834649198090781,0.001950205566630073
-0.059610822618054775,0.0021496439250844658
-0.06087588695954984,0.0023444416659341026
-0.06214164386118482,0.002534714123876503
-0.06340805960162198,0.0027205730842136695
-0.06467510224809987,0.002902127382788923
-0.06594274166591599,0.003079481743240303
-0.06721094943275836,0.003252737925469185
-0.06847969804359172,0.0034219985813328134
-0.06974896123273105,0.0035873650238452638
-0.07101871389775104,0.003748937409345305
-0.07228893202883668,0.003906814889330069
-0.07355959265218251,0.004061095692391878
-0.07483067378575249,0.004211877136709843
-0.07610215440526218,0.004359255577818645
-0.07737401441796579,0.004503326300033272
-0.07864623464177496,0.00464418336291427
-0.07991879678739681,0.0047819194162923425
-0.08119168344149197,0.004916625498605377
-0.08246487804923207,0.005048390833551523
-0.08373836489501296,0.005177302639381173
-0.08501212908039882,0.0053034459636164205
-0.08628615649866053,0.00542690355374571
-0.08756043380554898,0.005547755771669895
-0.08883494838626131,0.005666080556570445
-0.09010968831891339,0.005781953437653658
-0.09138464233519121,0.005895447595083953
-0.09265979977915474,0.006006633964544009
-0.09393515056533888,0.006115581378425905
-0.09521068513730611,0.0062223567347601165
-0.09648639442766635,0.006327025183754231
-0.09776226982035943,0.006429650321260469
-0.09903830311575867,0.006530294378636515
-0.10031448649897481,0.006629018399260267
-0.10159081251162412,0.006725882393320086
-0.10286727402725278,0.006820945464302834
-0.10414386423052172,0.006914265902717285
-0.10542057660011774,0.007005901244844049
-0.10669740489515195,0.007095908296575268
-0.1079743431445703,0.007184343124533235
-0.10925138563891318,0.0072712610185319115
-0.11052852692366119,0.007356716430963744
-0.11180576179344126,0.00744076289978168
-0.11308308528650793,0.007523452962349269
-0.11436049267909594,0.007604838067566828
-0.11563797947940868,0.007684968493299239
-0.116915541421088,0.00776389327535882
-0.11819317445602877,0.007841660153144699
-0.11947087474638027,0.007918315535634
-0.12074863865558032,0.007993904489860858
-0.12202646273834215,0.008068470752428097
-0.12330434372966266,0.008142056763055872
-0.12458227853309922,0.00821470371779803
-0.12586026420871033,0.00828645163841807
-0.12713829796111278,0.008357339453575995
-0.12841637712805107,0.008427405086954583
-0.12969449916974163,0.008496685547307996
-0.13097266165909374,0.008565217015571554
-0.1322508622728005,0.008633034924685425
-0.13352909878326488,0.008700174028527952
-0.13480736905136873,0.008766668451269121
-0.13608567102013627,0.008832551746283904
-0.13736400270916657,0.008897856910807866
-0.13864236221081425,0.008962616392799095
-0.13992074768709326,0.009026862087147921
-0.14119915736742647,0.00909062532079411
-0.14247758954691722,0.00915393682971833
-0.14375604258479274,0.009216826731083037
-0.14503451490274424,0.009279324493899892
-0.1463130049830265,0.009341458911465315
-0.1475915113663233,0.00940325807845055
-0.14887003264946538,0.009464749374985393
-0.15014856748308006,0.009525959459392275
-0.15142711456917682,0.00958691427046547
-0.15270567265858281,0.009647639039390874
-0.15398424054810114,0.009708158310660379
-0.15526281707730435,0.009768495970673943
-0.15654140112499462,0.00982867528219141
-0.15781999160549706,0.009888718922449946
-0.1590985874650482,0.009948649022573216
-0.1603771876785445,0.010008487205913583
-0.16165579124682794,0.010068254623151671
-0.1629343972006281,0.01012797195854822
-0.16421300451460366,0.010187660849214382
-0.16549161218874622,0.010247342655071821
-0.16677021924427274,0.010307038305514623
-0.16804882472288205,0.010366768289700092
-0.16932742768503567,0.010426552646553846
-0.1706060272281106,0.010486410601073509
-0.17188462251354575,0.01054635991648076
-0.1731632127212976,0.010606417888668295
-0.17444179704985738,0.010666601341023015
-0.1757203747160371,0.010726926624185635
-0.17699894495447485,0.010787409618388734
-0.17827750701671405,0.010848065740013268
-0.17955606016986525,0.010908909953428298
-0.18083460369498916,0.01096995678856394
-0.182113136885382,0.01103122036407203
-0.18339165904489932,0.011092714415366377
-0.18467016948635578,0.011154452326337437
-0.1859486675299437,0.011216447163153804
-0.18722715250157893,0.011278711708320227
-0.1885056237311405,0.011341258493051086
-0.18978408055068258,0.011404099826088603
-0.1910625222928082,0.011467247817287536
-0.1923409482894496,0.011530714394626529
-0.1936193578712514,0.011594511313740365
-0.1948977503676294,0.011658650159577124
-0.1961761251074221,0.0117231423403194
-0.19745448141993782,0.011787999074266295
-0.19873281863617265,0.011853231370872352
-0.20001113609003313,0.011918850007579918
-0.20128943311950723,0.01198486550441264
-0.20256770906781743,0.012051288098496392
-0.20384596328461008,0.012118127720723789
-0.20512419512717797,0.012185393976670691
-0.20640240396159815,0.01225309613361698
-0.2076805891635713,0.012321243115136592
-0.2089587501187204,0.012389843504237183
-0.21023688622217454,0.01245890555545933
-0.211514996877408,0.012528437215759816
-0.21279308149446052,0.012598446153408063
-0.2140711394877748,0.012668939793576393
-0.2153491702738973,0.012739925358824922
-0.216627173269222,0.012811409912316581
-0.21790514788784418,0.012883400401359695
-0.219183093539507,0.012955903698808549
-0.2204610096276161,0.013028926639926554
-0.22173889554736192,0.013102476052580117
-0.22301675068409782,0.013176558779020792
-0.2242945744122045,0.013251181688024995
-0.2255723660946761,0.013326351676769184
-0.2268501250835686,0.013402075662444213
-0.22812785072129496,0.013478360564278773
-0.2294055423425931,0.013555213277232154
-0.23068319927689362,0.013632640639185734
-0.23196082085081304,0.01371064939387506
-0.23323840639058166,0.013789246152129822
-0.23451595522432087,0.013868437354134072
-0.23579346668416004,0.013948229237834557
-0.2370709401083839,0.014028627800166638
-0.23834837484305163,0.014109638787213953
-0.23962577024320822,0.014191267683543264
-0.24090312567348732,0.014273519713784655
-0.24218044050781262,0.014356399855609164
-0.24345771412808773,0.014439912863766023
-0.24473494592193287,0.014524063304168734
-0.24601213527968604,0.014608855596397104
-0.24728928159097283,0.014694294062440792
-0.24856638424113928,0.014780382979102825
-0.24984344260775201,0.01486712663122223
-0.25112045605726224,0.014954529362790295
-0.25239742394186565,0.015042595623118105
-0.2536743455966011,0.015131330005504129
-0.2549512203368075,0.015220737276285132
-0.2562280474561522,0.015310822392725208
-0.2575048262254895,0.015401590508882838
-0.2587815558927596,0.015493046969319246
-0.26005823568400516,0.015585197291250198
-0.26133486480539686,0.01567804713645464
-0.26261144244600776,0.01577160227488966
-0.2638879677809944,0.01586586854248541
-0.2651644399748693,0.015960851795989474
-0.26644085818464247,0.016056557867964387
-0.2677172215627099,0.016152992525079807
-0.26899352925942516,0.01625016143270412
-0.27026978042526384,0.016348070128468627
-0.27154597421241145,0.016446724006987556
-0.27282210977552046,0.016546128317283124
-0.2740981862713599,0.016646288173746443
-0.27537420285714864,0.016747208580692157
-0.27665015868752246,0.01684889446979515
-0.2779260529102746,0.016951350748958354
-0.27920188466116125,0.017054582360514058
-0.2804776530581316,0.01715859434612409
-0.2817533571953079,0.017263391915349254
-0.2830289961369449,0.01736898051465624
-0.2843045689115011,0.017475365893599795
-0.285580074505916,0.01758255416510493
-0.2868555118602163,0.017690551857146714
-0.28813087986265845,0.01779936595367136
-0.2894061773456854,0.017909003923289757
-0.2906814030829717,0.01801947373504854
-0.29195655578773855,0.018130783861419628
-0.2932316341123372,0.018242943269473455
-0.2945066366488972,0.018355961401998924
-0.29578156193068394,0.018469848151048955
-0.2970564084337455,0.018584613826985102
-0.2983311745784603,0.018700269126568858
-0.29960585873068823,0.01881682510391288
-0.3008804592022964,0.018934293148218456
-0.30215497425084964,0.019052684972111527
-0.30342940207819746,0.019172012614095776
-0.3047037408275884,0.019292288458187142
-0.3059779885788727,0.019413525273184785
-0.30725214334135537,0.019535736273365235
-0.30852620304396294,0.019658935201657884
-0.3098001655225635,0.019783136435655293
-0.3110740285044537,0.019908355116175
-0.31234778959015247,0.020034607297547028
-0.3136214462326485,0.020161910118441224
-0.31489499571416807,0.02029028199188489
-0.31616843512038656,0.02041974281322647
-0.317441761198756,0.020550313961250972
-0.3174428182297424,0.020544527277839293
-0.31744468984984203,0.020530339554819765
-0.31744824945299555,0.020525432740130255
-0.3174486395450046,0.02052984704862221
-0.3174510136626059,0.020538659548525042
-0.3174462214782544,0.020542601057465085
-0.31744285421195706,0.020541517497786554
-0.31744838059328007,0.020537308315731043
-0.3174536654221919,0.020533914621199634
-0.3174584907312104,0.020531509145868834
-0.3174627251645875,0.020530205482879007
-0.31746626495632846,0.020530045751365925
-0.31746790737465447,0.02053099673726946
-0.317463706282094,0.020532646345328143
-0.3174597279058387,0.020534051759504637
-0.3174560331337049,0.02053514943982066
-0.31745267280569445,0.020535894674017775
-0.3174496883062534,0.020536265408868846
-0.31744710738285525,0.020536262988658665
-0.31744536582054605,0.02053591192307466
-0.3174449386653136,0.020535259681876528
-0.3174481336299118,0.02053442257515635
-0.31745120501452445,0.02053367716415868
-0.31745410834624577,0.020533059071376345
-0.31745680070756355,0.020532593896262285
-0.31745924568944917,0.02053229573484047
-0.3174614166372977,0.02053216688851458
-0.31746325692188593,0.020532198430947373
-0.31746456102230053,0.020532371419945773
-0.3174651866740207,0.020532658574334173
-0.31746506141741215,0.020533027192258604
-0.3174623560469827,0.02053344219850777
-0.3174597152039111,0.02053381076464707
-0.3174571875393543,0.0205341165423588
-0.3178524399134211,0.02173433018944184
-0.3182348566083989,0.02294323212843859
-0.3186150646417069,0.024169431393157772
-0.3189871720972567,0.025396206669881242
-0.31935021830665233,0.026623359986371473
-0.31970358904459445,0.027852919724796338
-0.3200475294354248,0.02908479907046373
-0.3203827398832982,0.030318772459332826
-0.3207100595424054,0.03155451691531653
-0.3210297353332508,0.03279201832226671
-0.3213419967156854,0.0340312851128943
-0.3216470457060746,0.03527230899517818
-0.321944943419309,0.03651506946083139
-0.32223568458980884,0.037759624622421974
-0.32251943588496024,0.03900591257834009
-0.32279636410164136,0.040253871716728826
-0.32306663381628403,0.04150343559735587
-0.3233304077498858,0.042754535041565914
-0.32358784694518256,0.044007099768070185
-0.32383911078126243,0.04526105966146524
-0.3240843568551174,0.046516345740919784
-0.32432374075948706,0.047772890885033927
-0.3245574157866502,0.049030630359091526
-0.324785532587865,0.05028950218256555
-0.32500823881750185,0.051549447367824255
-0.32522567878926073,0.05281041005521419
-0.3254379931691464,0.05407233756498708
-0.32564531872607594,0.055335180382879365
-0.3258477881563368,0.056598892093117956
-0.3260455299927969,0.057863429270576514
-0.32623866861178796,0.0591287368511329
-0.326427323669186,0.06039472695558815
-0.3266116085772802,0.061661365661587884
-0.32679163327303845,0.06292862098147209
-0.32696750447708717,0.06419646270803613
-0.3271393260097238,0.06546486226694277
-0.3273071976135213,0.06673379272623975
-0.3274712160961507,0.06800322872497398
-0.3276314791124986,0.0692731457175634
-0.32778808296005585,0.07054352028540574
-0.32794112274760356,0.07181433006382774
-0.3280906925446112,0.073085553675925
-0.3282368854660546,0.07435717067916824
-0.32837979369275494,0.07562916152329897
-0.3285195084313236,0.07690150751763399
-0.32865611982121934,0.07817419080563473
-0.32878971679923275,0.07944719434453745
-0.32892038693376646,0.08072050188797332
-0.3290482162424598,0.08199409796978564
-0.3291732890070105,0.08326796788759604
-0.32929568759848277,0.08454209768500208
-0.32941549232502654,0.08581647413157359
-0.32953278131191527,0.08709108470005686
-0.3296476304212797,0.08836591754042683
-0.32976011321608717,0.08964096145069415
-0.3298703009699342,0.09091620584468671
-0.3299782627213384,0.0921916407173443
-0.33008406536853596,0.09346725660835337
-0.3301877737985172,0.09474304456511283
-0.3302894510422539,0.09601899610605019
-0.33038915844688,0.09729510318518808
-0.3304869558550358,0.09857135815866565
-0.33058290178166827,0.0998477537537032
-0.3306770535792652,0.1011242830403359
-0.3307694675837127,0.10240093940614362
-0.3308601992345915,0.10367771653415125
-0.3309493031656474,0.10495460838401148
-0.33103683326323535,0.10623160917647205
-0.3311228426926221,0.1075087133809501
-0.3312073838939924,0.10878591570582517
-0.331290508551749,0.1100632110908777
-0.3313722675421143,0.11134059470119662
-0.3314527108650633,0.11261806192190571
-0.3315318875672284,0.11389560835317519
-0.33160984566254775,0.11517322980515883
-0.33168663205714394,0.11645092229264885
-0.3317622924842252,0.11772868202932453
-0.33183687145378454,0.11900650542147934
-0.3319104122205999,0.12028438906108521
-0.33198295677263023,0.12156232971804096
-0.33205454584043836,0.12284032433150822
-0.3321252189268631,0.12411837000036707
-0.3321950143548983,0.1253964639729882
-0.3322639693306635,0.12667460363666735
-0.3323321200175755,0.12795278650712708
-0.33239950161730253,0.12923101021845443
-0.3324661484529409,0.13050927251371658
-0.33253209404995226,0.1317875712363509
-0.3325973712108467,0.1330659043223152
-0.33266201207324414,0.1343442697929508
-0.332726048189897,0.13562266574832782
-0.3327895105431384,0.13690109036175452
-0.332852429574378,0.1381795418751398
-0.33291483519531817,0.13945801859524387
-0.33297675678673194,0.14073651889088232
-0.3330382231868587,0.1420150411909144
-0.3330992626720235,0.14329358398272918
-0.3331599029324169,0.14457214581090863
-0.33322017104609847,0.14585072527580528
-0.3332800934541848,0.14712932103190193
-0.33333969593987955,0.1484079317859554
-0.33339900361353875,0.14968655629501137
-0.33345804090535336,0.15096519336437583
-0.33351683156655143,0.1522438418455576
-0.33357539867930935,0.1535225006341061
-0.3336337646748825,0.1548011686672193
-0.3336919513588619,0.15607984492102472
-0.33374997994197114,0.15735852840753964
-0.3338078710744806,0.15863721817144974
-0.3338656448821403,0.1599159132869397
-0.3339233210015013,0.16119461285482697
-0.3339809186126593,0.16247331600016907
-0.33403845645789726,0.1637520219205927
-0.3340959534410203,0.16503072970505467
-0.334153428852926,0.1663094384826652
-0.33421090157486266,0.1675881474026868
-0.33426839007319625,0.16886685563377518
-0.3343259123878356,0.17014556236343614
-0.3343834861190484,0.17142426676208428
-0.33444112836222234,0.17270296809238694
-0.3344988546412882,0.17398166564893677
-0.3345566800318242,0.17526035874418436
-0.3346146191591924,0.17653904670838838
-0.33467268620297913,0.17781772888913425
-0.33473089490430286,0.17909640465049673
-0.3347892585771207,0.1803750733718425
-0.3348477901241063,0.18165373444639207
-0.33490650205711553,0.18293238727971267
-0.33496540652174567,0.1842110312882775
-0.3350245153250508,0.18548966589812865
-0.33508383996511554,0.18676829054358712
-0.3351433916609572,0.18804690466591223
-0.3352031813811177,0.1893255077118556
-0.33526321986933566,0.1906040991321586
-0.3353235176658568,0.19188267838015616
-0.3353840851232031,0.193161244910705
-0.33544493241559825,0.19443979817962817
-0.33550606954166634,0.19571833764375224
-0.33556750632048654,0.19699686276147113
-0.33562925238155733,0.19827537299365736
-0.33569131714965594,0.19955386780470724
-0.3357537098259587,0.20083234666356126
-0.33581643936708105,0.20211080904464462
-0.33587951446386705,0.20338925442876907
-0.33594294352181814,0.2046676823040656
-0.3360067346449536,0.20594609216696996
-0.3360708956246989,0.20722448352318046
-0.33613543393506023,0.20850285588840287
-0.33620035673494286,0.20978120878866435
-0.3362656708779854,0.21105954176002736
-0.33633138292978804,0.2123378543476648
-0.3363974991919107,0.21361614610440144
-0.336464025731544,0.21489441658893735
-0.3365309684153584,0.2161726653639822
-0.33659833294571695,0.21745089199446843
-0.33666612489723596,0.21872909604589924
-0.3367343497516188,0.2200072770828026
-0.3368030129287459,0.2212854346672381
-0.33687211981222487,0.22256356835736305
-0.3369416757679256,0.22384167770616822
-0.33701168615446697,0.22511976226057684
-0.33708215632511773,0.2263978215611224
-0.3371530916211143,0.2276758551423427
-0.33722449735694027,0.22895386253388936
-0.33729637879862523,0.2302318432622035
-0.3373687411365705,0.23150979685251097
-0.3374415894547747,0.23278772283088875
-0.3375149286985885,0.2340656207262285
-0.33758876364324736,0.23534349007203503
-0.33766309886540985,0.23662133040807845
-0.33773793871977204,0.23789914128192846
-0.3378132873225154,0.23917692225033482
-0.33788914854294344,0.24045467288031774
-0.3379655260041427,0.24173239274976055
-0.33804242309295734,0.24301008144729935
-0.33811984297898245,0.24428773857140013
-0.33819778864172134,0.2455653637286626
-0.3382762629045436,0.24684295653154148
-0.3383552684736427,0.24812051659575485
-0.3384348079798613,0.24939804353764505
-0.33851488402105173,0.2506755369716655
-0.3385954992025758,0.2519529965080617
-0.3386766561736333,0.25323042175073907
-0.33875835765735024,0.2545078122953121
-0.33884060647292513,0.25578516772739907
-0.3389234055486133,0.25706248762132333
-0.3390067579241288,0.258339771539435
-0.3390906667449905,0.2596170190323202
-0.33917513524313914,0.2608942296398869
-0.3392601667155253,0.262171402893092
-0.3393457644931481,0.2634485383163598
-0.339431931905479,0.2647256354302869
-0.3395186722425762,0.266002693754359
-0.3396059887173785,0.2672797128095036
-0.33969388443066967,0.268556692120403
-0.3397823623410756,0.2698336312175636
-0.3398714252421588,0.27111052963911825
-0.3399610757482659,0.27238738693226844
-0.3400513162902509,0.27366420265418023
-0.3401421491216193,0.2749409763721123
-0.34023357633500423,0.27621770766259757
-0.3403255998882821,0.2774943961096315
-0.34041822163905683,0.2787710413019874
-0.3405114433857434,0.2800476428299157
-0.34060526691308457,0.2813242002815455
-0.34069969403965183,0.28260071323926605
-0.3407947266647548,0.2838771812762703
-0.34089036681219337,0.2851536039533335
-0.34098661666847646,0.2864299808158544
-0.34108347861344973,0.2877063113912014
-0.34118095524173425,0.28898259518649205
-0.341279049373937,0.29025883168700983
-0.3413777640572075,0.2915350203554843
-0.34147710255535974,0.292811160632392
-0.341577068329404,0.29408725193729285
-0.3416776650099119,0.29536329367104014
-0.3417788963631388,0.296639285218573
-0.3418807662532225,0.29791522595195347
-0.3419832786030485,0.29919111523336
-0.34208643735649635,0.30046695241784765
-0.3421902464447475,0.3017427368557873
-0.34229470975913967,0.3030184678949299
-0.3423998311327194,0.3042941448820117
-0.34250561433215865,0.3055697671637286
-0.34261206306114383,0.3068453340868458
-0.34271918097570664,0.3081208449971949
-0.3428269717113176,0.309396299237409
-0.3429354389209269,0.3106716961433975
-0.3430445863225432,0.31194703503974314
-0.34315441775444494,0.31322231523432337
-0.34326493723570833,0.31449753601249486
-0.3433761490294713,0.315772696631119
-0.3434880577062346,0.3170477963126055
-0.3436006682045474,0.3183228342390605
-0.34371398588663393,0.31959780954660244
-0.34382801658689616,0.3208727213199485
-0.34394276665172396,0.32214756858745974
-0.3440582429696635,0.3234223503168844
-0.34417445299166416,0.32469706541202253
-0.3442914047418406,0.32597171271041975
-0.34440910681988235,0.32724629098201785
-0.3445275683969174,0.3285207989285101
-0.3446467992072395,0.3297952351830169
-0.3447668095388199,0.33106959830966753
-0.3448876102259385,0.332343886802723
-0.3450092126475333,0.3336180990849531
-0.34513162873501246,0.33489223350504166
-0.34525487099325813,0.3361662883337716
-0.3453789525384197,0.3374402617586639
-0.3455038871558637,0.33871415187661924
-0.34562968938135097,0.33998795668403436
-0.34575637460822073,0.3412616740638421
-0.34588395891369267,0.3425353017173806
-0.34587869470832777,0.34253623057007687
-0.3458651727350525,0.3425379499647501
-0.3458607952603456,0.34254140064082905
-0.3458607844563037,0.34254528503162646
-0.3458578510621784,0.3425503196425669
-0.34585542715199036,0.34255549380190714
-0.34585365872976376,0.34256048345264833
-0.3458526504618621,0.342565140047672
-0.3458524548828491,0.34256935527514754
-0.34585306963913504,0.34257269461834555
-0.3458542076982564,0.3425684113727821
-0.34585524487832575,0.34256428932283306
-0.346471009816379,0.3436702062313466
-0.34710477674745244,0.344785381342583
-0.34774691769848776,0.3458967396163543
-0.34839749596259695,0.3470012824930274
-0.3490565331447068,0.34809943616704714
-0.349724030504741,0.34919151974499885
-0.3503999789078302,0.3502778533211409
-0.3510843863699553,0.3513586102430972
-0.3517772928157642,0.3524337991858793
-0.3524787117769372,0.35350341358380566
-0.3531886487077917,0.354567420206756
-0.35390710471608894,0.3556257639876654
-0.354634079657542,0.35667837221699006
-0.3553695730562654,0.35772515448353126
-0.3561135340640913,0.3587660478073388
-0.35611562338461983,0.35876136329952146
-0.35611791583416497,0.35875652344278197
-0.3561203894396514,0.3587529555239719
-0.3561231319488066,0.35875024611923406
-0.35612594666173725,0.35874824096149616
-0.3561286805316988,0.3587468138261073
-0.3561312194649214,0.3587458587666271
-0.35613348474262974,0.3587452843748285
-0.3561353230581552,0.35874500989840413
-0.3561366030265989,0.35874496282311863
-0.3561372580062188,0.3587450779760356
-0.3561350100186882,0.3587453109455561
-0.35613271197156043,0.35874554806317405
-0.35613043349214035,0.35874576622208215
-0.35612824257560877,0.3587459522669796
-0.35612626025049854,0.3587461017445333
-0.356232655180461,0.36000457206194486
-0.35632471849244984,0.36127798910020575
-0.3564098152956008,0.3625589249310257
-0.35648617496740304,0.3638386684612492
-0.35655272012774414,0.36511681673013785
-0.35660747027182094,0.36639511893889076
-0.3566505074149891,0.36767365091445653
-0.3566468393326638,0.36767340767149215
-0.35665029635530543,0.3676719593189183
-0.35664724949236315,0.36767026825885485
-0.356640399502007,0.3676689508680353
-0.35663541283950684,0.3676601868022792
-0.35663199943519475,0.3676515675552225
-0.35663025295560247,0.3676436567193193
-0.3566301815666434,0.3676366268252818
-0.3566312135705517,0.3676302436181723
-0.35663222448578685,0.3676257049313832
-0.3566331178475739,0.3676227656086628
-0.3566338148156731,0.36762104308727683
-0.35663426033239887,0.36762006292644056
-0.3566344252468014,0.3676193069957794
-0.356634306488089,0.36761826285476634
-0.3566339252820691,0.3676164695901334
-0.35663332360773764,0.3676135560416772
-0.3566325971311163,0.36760967685090407
-0.3566319090237662,0.3676059839415615
-0.35663129934833665,0.36760248658242684
-0.3566308020916523,0.3675991982706479
-0.3566304428474512,0.36759613351180936
-0.35663023737710564,0.36759330514089256
-0.3566301909283444,0.3675907218085578
-0.3566302981337335,0.36758852536025655
-0.3566305430626686,0.36758693969960343
-0.35663090059191077,0.36758613110167493
-0.35663133909039996,0.36758619932255054
-0.35663182340996574,0.36758717477865727
-0.35663231791170075,0.3675890215345101
-0.3566327892801846,0.36759164536711186
-0.35663320916234537,0.36759426218004476
-0.3566335576535547,0.36759676045838485
-0.3566338216743026,0.3675991059546604
-0.3566339951928003,0.3676012699321477
-0.356634079145166,0.367603231534687
-0.3566340808092932,0.3676049796776994
-0.3566340126938916,0.36760643113801683
-0.35543200447573176,0.36799698147967685
-0.35422132609884954,0.36837483886982747
-0.35299369731540564,0.36875047027581975
-0.3517655716763382,0.3691181302023523
-0.35053715531553464,0.36947685031057637
-0.3493063992622929,0.3698260014370031
-0.34807338221970885,0.3701658223839592
-0.3468383282447876,0.3704970078908726
-0.345601555419118,0.37082039371972675
-0.3443630744124732,0.3711362219282135
-0.3431228730645779,0.3714447184850601
-0.34188095673254143,0.3717460831012729
-0.34063734445438865,0.37204038238884996
-0.33939198077673827,0.3723276200944088
-0.33814492527058165,0.3726079615811298
-0.3368962372812216,0.3728815720296503
-0.33564598109667854,0.37314861422004586
-0.33439422384959816,0.3734092488986218
-0.3331410338758121,0.3736636349722901
-0.3318864794428923,0.3739119295531444
-0.33063062778040575,0.37415428787949145
-0.3293735443550328,0.3743908631392716
-0.3281152923436519,0.3746218062220649
-0.32685593226591275,0.37484726542605307
-0.32559552174490364,0.3750673861459402
-0.32433411537040463,0.3752823105666294
-0.323071764644015,0.3754921773852838
-0.3218085179892902,0.37569712158125157
-0.32054442081303824,0.37589727424934977
-0.319279515606234,0.37609276250736917
-0.3180138752611961,0.37628370949961176
-0.31674756914120566,0.37647023290892273
-0.31548063040311686,0.3766524451756577
-0.31421309031526246,0.37683045535535653
-0.3129449784038109,0.37700436934637044
-0.3116763225932237,0.3771742901699392
-0.311675993322402,0.3771651668609673
-0.3116741714272973,0.3771481067278717
-0.31167247255452585,0.3771404979963882
-0.3116719647387398,0.37714250130751154
-0.3107421182426109,0.3773958254693039
-0.3098135712640229,0.37764890336065776
-0.30888604447256757,0.3779017942510528
-0.3079595061550501,0.3781544897563527
-0.30703335549016414,0.3784072065990417
-0.30610745443224036,0.37865989559742885
-0.3051817030958612,0.37891256668374523
-0.3042560320406946,0.37916523671790237
-0.30333039411008234,0.3794179163289569
-0.30240474738514467,0.37967061372398997
-0.30147908652877614,0.3799233303919628
-0.30055340082737547,0.38017606603483045
-0.2996276825951492,0.3804288209633543
-0.29870192817690805,0.3806815945816312
-0.2977761366675525,0.38093438573579586
-0.29654157037590123,0.38127128347439093
-0.2953041915860413,0.3815984353323433
-0.29406438950548747,0.3819167918791785
-0.29282237213445134,0.3822266772321483
-0.29157830656671385,0.38252839337656874
-0.2903323360308977,0.38282221192212446
-0.28908458396834236,0.383108376043093
-0.2878351491878656,0.3833870406782178
-0.2865840988670353,0.3836583099990739
-0.2853315231358399,0.3839223769436483
-0.2840775040829987,0.3841794272963365
-0.2828221178009241,0.3844296395963283
-0.28156543538062245,0.38467318646794
-0.2803075236587291,0.38491023564161564
-0.27904844576815985,0.3851409506822401
-0.2777882615368637,0.3853654914543372
-0.2765270277725505,0.38558401436187395
-0.27526479846500457,0.38579667240588195
-0.27400162493175656,0.386003615106002
-0.2727375559276069,0.3862049883324996
-0.2714726377338558,0.38640093409337195
-0.2702069142391242,0.38659159031722695
-0.2689404270202754,0.3867770906669308
-0.26767321542905104,0.38695756441205015
-0.26640531668750855,0.38713313638028696
-0.2651367659931471,0.3873039269999123
-0.26386759663276044,0.38747005243707405
-0.26259784010265347,0.38763162482422114
-0.26132752623198735,0.3877887525691462
-0.26005668330570036,0.38794154072859055
-0.2587853379071287,0.3880900870652283
-0.25751351453494226,0.3882344849484415
-0.25624123781160757,0.38837483321096644
-0.2549685312311769,0.3885112297114819
-0.25369541727002654,0.38864377138243367
-0.25242191743592773,0.38877255438301234
-0.25114805230640036,0.3888976741738878
-0.24987384155794423,0.38901922551509205
-0.24859930398814217,0.38913730239314875
-0.247324457532843,0.3892519978873842
-0.24604931928060905,0.38936340398847774
-0.24477390548636535,0.3894716113844966
-0.2434982315858037,0.38957670923083887
-0.2422223122116962,0.3896787849206422
-0.24094616121291754,0.3897779238713159
-0.23966979167671226,0.3898742093410797
-0.23839321595452762,0.3899677222868226
-0.23711644569151463,0.3900585412715011
-0.23583949185952358,0.39014674242584
-0.23456236479309386,0.39023239946554544
-0.23328507422760875,0.3903155837617868
-0.23200762933853386,0.3903963644595626
-0.23073003878056458,0.3904748086359085
-0.22945231072559508,0.3905509814878747
-0.22817445289865312,0.39062494653888113
-0.2268964726112327,0.3906967658515192
-0.22561837679171717,0.39076650023508774
-0.2243401720127413,0.3908342094370905
-0.2230618645154077,0.3908999523094677
-0.22178346023028875,0.39096378694237277
-0.22050496479518972,0.391025770760673
-0.21922638356977392,0.3910859605808713
-0.21794772164735057,0.39114441262868394
-0.21666898386435351,0.3912011825198847
-0.21539017480820194,0.39125632520911213
-0.21411129882427737,0.3913098949130279
-0.21283236002264058,0.3913619450154273
-0.21155336228490904,0.39141252796256865
-0.21027430927148244,0.3914616951571073
-0.20899520442914943,0.3915094968586119
-0.20771605099905568,0.3915559820977377
-0.20643685202506115,0.3916011986098425
-0.20515761036258776,0.39164519279224125
-0.20387832868808958,0.3916880096875452
-0.20259900950920995,0.3917296929937084
-0.2013196551755323,0.39177028509966644
-0.2000402678896516,0.3918098271438791
-0.1987608497181689,0.3918483590783399
-0.19748140260220834,0.3918859198036239
-0.19620192836707562,0.3919225472265449
-0.19492242873100496,0.3919582783737042
-0.19364290531306383,0.3919931494905768
-0.19236335964036305,0.3920271961324195
-0.19108379315471313,0.3920604532427635
-0.1898042072187566,0.39209295521629745
-0.1885246031214885,0.3921247359441754
-0.18724498208301968,0.39215582884103756
-0.1859653452584909,0.3921862668542699
-0.1846856937411867,0.3922160824571537
-0.18340602856506377,0.3922453076284957
-0.18212635070701372,0.39227397382205
-0.18084666108917327,0.39230211192949804
-0.17956696058147342,0.3923297522409243
-0.17828725000443926,0.3923569244066191
-0.17700753013210496,0.39238365740369535
-0.17572780169485064,0.3924099795104023
-0.17444806538203356,0.3924359182902956
-0.17316832184441794,0.39246150058754675
-0.17188857169654354,0.392486752533795
-0.17060881551922336,0.39251169956606047
-0.16932905386230238,0.39253636645445594
-0.16804928724766474,0.3925607773377891
-0.16676951617231944,0.39258495576466174
-0.1654897411113033,0.39260892473740583
-0.1642099625201675,0.3926327067561203
-0.16293018083694352,0.3926563238602155
-0.1616503964836552,0.39267979766519046
-0.16037060986757176,0.39270314939284756
-0.1590908213824211,0.39272639989374003
-0.1578110314096933,0.3927495696613111
-0.15653124029563803,0.3927726788299846
-0.15525144843308888,0.39279574775188214
-0.15397165619970685,0.39281879729584396
-0.15269186396484233,0.39284184792715543
-0.1514120720898493,0.39286491968257087
-0.15013228092819514,0.39288803214473844
-0.14885249087287128,0.3929112044136752
-0.14757270220636165,0.39293445444793174
-0.14629291523769303,0.39295779911272855
-0.1450131302711065,0.39298125481682106
-0.14373334760743578,0.3930048375302784
-0.14245356754535768,0.3930285628093931
-0.14117379038236394,0.39305244582578525
-0.1398940164155085,0.3930765013989643
-0.13861424594209856,0.39310074403108874
-0.13733447926052034,0.3931251879423049
-0.13605471667129437,0.39314984710484097
-0.13477495847830204,0.39317473527400143
-0.1334952049899825,0.3931998660143296
-0.13221545652024874,0.3932252527194932
-0.13093571338893858,0.3932509086248397
-0.12965597592177086,0.393276846812064
-0.12837624444994203,0.3933030802059802
-0.12709651930959756,0.3933296215639543
-0.12581680084139074,0.3933564834590874
-0.12453708939023016,0.39338367825871906
-0.12325738530515917,0.3934112181001914
-0.12197768893921121,0.3934391148660502
-0.12069800064908184,0.39346738016095545
-0.11941832079456448,0.3934960252925067
-0.11813864973785741,0.39352506125795483
-0.11685898784297055,0.39355449873841486
-0.11557933547549326,0.39358434810170206
-0.11429969300288864,0.3936146194143544
-0.11302006079531676,0.3936453224627786
-0.1117404392268229,0.3936764667828399
-0.11046082867664409,0.3937080616966214
-0.10918122953042331,0.39374011635456085
-0.10790164218124236,0.39377263978075977
-0.10662206703053503,0.3938056409189923
-0.10534250448902786,0.3938391286768251
-0.10406295497783556,0.3938731119653317
-0.10278341892972095,0.39390759973210043
-0.10150389679037158,0.39394260098564915
-0.10022438901943934,0.3939781248098572
-0.0989448960910849,0.3940141803676637
-0.09766541849388617,0.39405077689394885
-0.09638595673014713,0.3940879236782183
-0.09510651131480453,0.3941256300383766
-0.093827082774198,0.3941639052874732
-0.0925476716449225,0.39420275869581267
-0.0912682784728495,0.39424219945116895
-0.08998890381226396,0.39428223662003564
-0.08870954822499408,0.3943228791128616
-0.0874302122794527,0.39436413565603545
-0.08615089654963268,0.39440601477303244
-0.08487160161425478,0.39444852477662284
-0.08359232805634875,0.3944916737733997
-0.08231307646352705,0.39453546968116665
-0.08103384742906868,0.39457992025895666
-0.0797546415537456,0.39462503314868913
-0.07847545944816742,0.3946708159267705
-0.0771963017353632,0.39471727616331653
-0.07591716905338212,0.394764421486189
-0.07463806205782923,0.3948122596467181
-0.07335898142438156,0.39486079858384365
-0.07207992785137984,0.3949100464834785
-0.07080090206253652,0.3949600118301629
-0.06952190480966237,0.3950107034485429
-0.06824293687517657,0.3950621305328201
-0.06696399907410086,0.39511430266306935
-0.06568509225529422,0.3951672298081336
-0.06440621730184455,0.3952209223156696
-0.06312737513073503,0.39527539089075225
-0.061848566692053006,0.39533064656521333
-0.060569792968052726,0.3953867006605761
-0.05929105497231835,0.39544356474795656
-0.05801235374913661,0.39550125061286046
-0.05673369037308444,0.3955597702077246
-0.05545506594861324,0.3956191356328627
-0.05417648161018347,0.3956793591227184
-0.05289793852270388,0.3957404530463783
-0.05161943788273388,0.3958024299255267
-0.05034098092082049,0.39586530247147633
-0.049062568905268424,0.39592908364210144
-0.04778420314746162,0.3959937867186336
-0.0465058850086599,0.39605942540143657
-0.04522761590805493,0.39612601392312047
-0.04394939733184723,0.3961935671767193
-0.04267123084319468,0.3962621008562027
-0.041393118093021854,0.39633163160634116
-0.04011506083179366,0.39640217717894477
-0.03883706092237814,0.3964737565927808
-0.03755912035405605,0.39654639029500566
-0.03628124125761684,0.39662010032278777
-0.0350034259214023,0.3966949104648639
-0.03372567680819472,0.3967708464241119
-0.032447996767772436,0.39684793648607847
-0.03244849965087997,0.39685583245627193
-0.03244930134857332,0.3968720639287844
-0.03244982763770615,0.39687892516757467
-0.03245068223333733,0.39687645726749393
-0.032450569999985496,0.39686821077340034
-0.032458772521348773,0.396865631758848
-0.03246538396169571,0.39686812350367145
-0.032456927439120334,0.39687354676345105
-0.03244898880783549,0.39687788089526044
-0.032441883118476234,0.3968809104339322
-0.03243564777344974,0.3968824943627529
-0.03243032054242703,0.39688257932749454
-0.032425536736802846,0.39688164091789074
-0.03242214405266254,0.3968807409486253
-0.0324199800092359,0.39687994027930656
-0.03241876635467458,0.39687929200234545
-0.03241815061404892,0.3968788355200661
-0.03241774048502685,0.39687859390966485
-0.03241713959444631,0.3968785728141896
-0.032415981249160175,0.39687876087193713
-0.0324139572601724,0.3968791315503684
-0.03241083963461397,0.3968796461318819
-0.032407577505556354,0.3968802595742697
-0.032404379979963975,0.3968809178587597
-0.032401286574024434,0.3968815403176254
-0.03239832266162699,0.3968820924562626
-0.032395515343481396,0.3968825461115759
-0.032392890383437074,0.3968828810508862
-0.03239046954331889,0.396883085917412
-0.03238826817042155,0.3968831585037872
-0.031658993066521944,0.3958485301924541
-0.030939003195972255,0.39480585067475515
-0.030216431671852794,0.3937452812465094
-0.029500137812345374,0.3926819518988614
-0.028792475718792232,0.39161573772001856
-0.028093393411670612,0.39054429948388275
-0.02740280959658003,0.3894677299550106
-0.026720142485177116,0.38838622226431446
-0.02604478142625322,0.3873003405809908
-0.02537658834064313,0.38621015276847304
-0.02471544106835404,0.38511570866329814
-0.024061244555589285,0.38401706506105426
-0.023414036644352827,0.3829142410771119
-0.022773909520879317,0.38180717989337665
-0.02214081409792078,0.38069596057772465
-0.021514701528499647,0.3795806674867092
-0.02089552458452531,0.3784613876874453
-0.02028323684473167,0.3773382095395926
-0.019677792161091057,0.3762112216220308
-0.019079144360857128,0.37508051191495656
-0.018487247146749604,0.37394616717304874
-0.01790205416266301,0.3728082724402318
-0.017323519194920627,0.37166691066930835
-0.016751596480392292,0.370522162420313
-0.016186241093468442,0.36937410561998835
-0.015627409384514422,0.3682228153713749
-0.015075059443432504,0.36706836380737345
-0.014529151563623697,0.36591081998536457
-0.013989648684115693,0.36475024982185306
-0.013456516790914324,0.3635867160668039
-0.012929725262723268,0.36242027831703927
-0.012409247150891027,0.3612509930671428
-0.01189505938863959,0.36007891379487467
-0.011387142930063444,0.35890409107653715
-0.010885482824843825,0.3577265727261455
-0.010390068239854845,0.3565464039509134
-0.009900892443615415,0.35536362751448164
-0.009417952773669556,0.3541782838986646
-0.008941250610346764,0.35299041145411825
-0.00847079104130382,0.351800045983531
